Search Parameters;Year;Mo;Dy;Hr;Mn;Sec;Tsunami Event Validity;Tsunami Cause Code;Earthquake Magnitude;Vol;More Info;Deposits;Country;Location Name;Latitude;Longitude;Maximum Water Height (m);Number of Runups;Tsunami Magnitude (Abe);Tsunami Magnitude (Iida);Tsunami Intensity;Deaths;Death Description;Missing;Missing Description;Injuries;Injuries Description;Damage ($Mil);Damage Description;Houses Destroyed;Houses Destroyed Description;Houses Damaged;Houses Damaged Description;Total Deaths;Total Death Description;Total Missing;Total Missing Description;Total Injuries;Total Injuries Description;Total Damage ($Mil);Total Damage Description;Total Houses Destroyed;Total Houses Destroyed Description;Total Houses Damaged;Total Houses Damaged Description
"[""Validity >= Definite Tsunami""]";;;;;;;;;;;;;;;;;;;;;;;;;;;;;;;;;;;;;;;;;;;;;
;1990;2;8;7;15;32.2;4;1;6.6;;;0;PHILIPPINES;PHILIPPINES;9.755;124.694;2.1;14;;;;;;;;;;;;;;;;6;1;;;300;3;0.9;1;;;600;3
;1990;2;20;6;53;39.8;4;1;6.4;;;0;JAPAN;JAPAN;34.706;139.252;0.16;1;;-1.7;;;;;;;;;;;;;;;;;;;;;;;;;
;1990;3;25;13;22;57.2;4;1;7.3;;;0;COSTA RICA;COSTA RICA;9.907;-84.753;1;4;;;;;;;;;;;;;;;;;;;;15;1;;2;8;1;34;1
;1990;4;5;21;12;35.5;4;1;7.5;;;0;USA TERRITORY;MARIANA TRENCH, N. MARIANA ISLANDS;15.125;147.596;1.8;34;;-1;;;;;;;;;;;;;;;;;;;;;;;;;
;1990;9;23;21;13;7.4;4;1;6.5;;;0;JAPAN;W. OF BONIN ISLANDS, IZU IS., JAPAN;33.267;138.643;0.2;4;;;;;;;;;;;;;;;;;;;;;;;;;;;
;1990;12;13;0;24;25.7;4;1;5.3;;;0;ITALY;EASTERN SICILY;37.3;15.438;;1;;;;;;;;;;;;;;;;19;1;;;200;3;500;4;;;;
;1990;12;13;19;50;17.8;4;1;6.3;;;0;TAIWAN;TAIWAN;23.722;121.627;0.04;2;;;;;;;;;;;;;;;;;;;;;;;1;;;;
;1991;2;9;16;18;58.3;4;1;6.9;;;0;SOLOMON ISLANDS;SOLOMON ISLANDS;-9.929;159.139;0.02;1;;-3.3;;;;;;;;;;;;;;;;;;;;;1;;;;
;1991;2;16;1;23;40.4;4;1;5.7;;;0;RUSSIA;N. KURIL ISLANDS;48.268;154.328;0.1;1;;-3.3;;;;;;;;;;;;;;;;;;;;;;;;;
;1991;2;21;2;35;34;4;1;6.7;;;0;USA;BERING SEA, AK;58.427;-175.45;0.15;2;;-1.7;;;;;;;;;;;;;;;;;;;;;;;;;
;1991;4;22;21;56;51.8;4;1;7.6;;;0;COSTA RICA;LIMON, PANDORA;9.685;-83.073;3;43;;1;;3;1;;;;;;1;;2;;;90;2;;;895;3;510;4;;3;;
;1991;10;14;15;58;12.7;4;1;7.2;;;0;SOLOMON ISLANDS;SOLOMON ISLANDS;-9.094;158.442;0.15;2;;-3.3;-2.5;;;;;;;;;;;;;;;;;;;;;;;;
;1992;1;5;6;;;4;3;3.7;;;0;CHINA;SOUTH CHINA SEA;18;108;0.8;5;;-0.3;;;;;;;;;1;;;;;;;;;;;;1;;;;
;1992;4;25;18;6;4.2;4;1;7.2;;;0;USA;CAPE MENDOCINO, N. CALIFORNIA;40.368;-124.316;1.8;14;;0.8;0.5;;;;;;;;;;;;;;;;;98;2;66;4;;;;
;1992;5;17;10;15;31.3;4;1;7.3;;;1;PHILIPPINES;PHILIPPINES;7.191;126.762;6;3;;;;;;;;;;;1;12;;;;;;;;;;;1;12;1;;
;1992;5;27;5;13;38.8;4;1;7.1;;;0;SOLOMON ISLANDS;SANTA CRUZ ISLANDS;-11.122;165.239;;1;;;;;;;;;;;;;;;;;;;;;;;;;;;
;1992;7;18;8;36;58.7;4;1;7;;;0;JAPAN;HONSHU ISLAND;39.419;143.33;0.3;4;;-2.3;-0.5;;;;;;;;;;;;;;;;;;;;;;;;
;1992;9;2;0;16;3.3;4;1;7.6;;;8;NICARAGUA;NICARAGUA;11.5;-87.609;9.9;83;;3.3;2.8;170;3;;;489;3;30;4;1500;4;;;170;3;;;489;3;30;4;1500;4;;
;1992;12;12;5;29;26.3;4;3;7.8;;;9;INDONESIA;FLORES SEA;-8.48;121.896;26.2;111;;4.7;2.7;1169;4;;;500;3;100;4;31785;4;;;2500;4;;;2103;4;100;4;31785;4;;
;1993;2;7;13;27;42;4;1;6.3;;;0;JAPAN;HONSHU ISLAND;37.634;137.245;0.5;1;;-1;-0.5;;;;;;;;;;;;;;;;;;;;;;;;
;1993;6;8;13;3;36.4;4;1;7.5;;;0;RUSSIA;KAMCHATKA;51.218;157.829;0.1;6;;-1;-0.5;;;;;;;;;;;;;;;;;;;;;;;;
;1993;7;12;13;17;11.9;4;1;7.7;;;19;JAPAN;SEA OF JAPAN;42.851;139.197;32;196;;5;3.1;208;3;;;233;3;1207;4;2374;4;;;231;3;;;233;3;1207;4;2374;4;;
;1993;8;7;19;42;41.9;4;1;6.3;;;0;JAPAN;JAPAN;41.985;139.839;0.16;1;;;;;;;;;;;;;;;;;;;;;;;;;;;
;1993;8;8;8;34;24.9;4;1;7.8;;;0;USA TERRITORY;GUAM, MARIANA ISLANDS;12.982;144.801;2.4;50;;-1;;;;;;;;;1;;;;;;;;;48;1;250;4;;;;
;1993;11;13;1;18;4.1;4;1;7;;;0;RUSSIA;KAMCHATKA;51.934;158.647;0.05;1;;-3.3;-3;;;;;;;;;;;;;;;;;;;;;;;;
;1994;1;21;2;24;29.9;4;1;7;;;0;INDONESIA;HALMAHERA;1.015;127.733;2;3;;1;1.5;;;;;;;;;;;;;9;1;;;300;3;;2;;;550;3
;1994;4;8;1;10;40.8;4;1;6.4;;;0;JAPAN;HOKKAIDO ISLAND;40.608;143.683;0.11;3;;-2.3;-1.5;;;;;;;;;;;;;;;;;;;;;;;;
;1994;4;28;11;30;;4;8;;;;0;NORWAY;WESTERN NORWAY;61.267;6.583;4;1;;;4;;;;;;;;1;;;;;;;;;;;;1;;;;
;1994;6;2;18;17;34;4;1;7.8;;;5;INDONESIA;SOUTH OF JAVA;-10.477;112.835;13.9;74;;3.7;2.5;238;3;;;423;3;2.2;2;1500;4;;;238;3;;;423;3;2.2;2;1500;4;;
;1994;6;3;21;6;59.8;4;1;6.6;;;0;INDONESIA;SOUTH OF JAVA;-10.362;112.892;3.7;1;;;;;;;;;;;;;;;;;;;;;;;;;;;
;1994;6;5;1;45;2.7;4;1;6.1;;;0;INDONESIA;SOUTH OF JAVA;-10.341;113.369;3;1;;;;;;;;;;;;;;;;;;;;;;;;;;;
;1994;9;1;15;15;53;4;1;7;;;0;USA;N. CALIFORNIA;40.402;-125.68;0.07;1;;-3.3;-3;;;;;;;;;;;;;;;;;;;;1;;;;
;1994;9;16;6;20;18.7;4;1;6.7;;;0;TAIWAN;TAIWAN STRAIT;22.528;118.711;0.24;3;;;;;;;;;;;;;;;;1;1;;;400;3;;2;;;;2
;1994;9;17;16;51;33;4;4;4.6;7573;;0;PAPUA NEW GUINEA;RABAUL HARBOR;-4.166;152.429;0.3;1;;;;;;;;;;;;;;;;;;;;;;;;;;;
;1994;9;18;;;;4;6;;2180;;1;PAPUA NEW GUINEA;PAPUA NEW GUINEA;-4.238;152.214;3;4;;1.2;;;;;;;;;1;30;1;;;4;1;;;;;86;4;;1;;
;1994;10;4;13;22;55.8;4;1;8.3;;;2;RUSSIA;S. KURIL ISLANDS;43.773;147.321;10.4;119;;2.3;2.6;;;;;;;;1;2;1;1;1;11;1;;;382;3;;3;;;;
;1994;10;8;21;44;7.2;4;1;6.8;;;0;INDONESIA;HALMAHERA;-1.258;127.98;3;1;;1.6;1.5;1;1;;;52;2;;2;;;500;3;1;1;;;52;2;;2;;;500;3
;1994;10;9;7;55;39.5;4;1;7.3;;;0;RUSSIA;S. KURIL ISLANDS;43.905;147.916;0.2;2;;-3.3;-3;;;;;;;;;;;;;;;;;;;;;;;;
;1994;11;4;4;12;;4;8;;;;0;USA;SKAGWAY, AK;59.5;-135.3;9;2;;3.5;2.5;1;1;;;;;25;4;;;;;1;1;;;;;25;4;;;;
;1994;11;14;19;15;30.6;4;1;7.1;;;3;PHILIPPINES;PHILIPPINE ISLANDS;13.525;121.067;7.3;57;;2.9;2.1;81;2;;;225;3;3.7;2;1530;4;6036;4;81;2;;;225;3;3.7;2;1530;4;6036;4
;1994;12;28;12;19;23;4;1;7.8;;;0;JAPAN;TOHUKU, JAPAN;40.525;143.419;0.53;13;;;;;;;;;;;;;;;;3;1;;;200;3;170.4;4;;;;
;1995;1;16;20;46;53.6;4;1;6.9;;;0;JAPAN;KOBE, JAPAN;34.59;135.069;0.34;2;;-2.3;-2;;;;;;;;;;;;;6434;4;;;43792;4;100000;4;186175;4;274182;4
;1995;4;7;22;6;56.8;4;1;7.4;;;0;SAMOA;SAMOA ISLANDS;-15.199;-173.529;0.09;3;;-1.7;-1.5;;;;;;;;;;;;;;;;;;;;;;;;
;1995;4;21;0;34;46;4;1;7.2;;;0;PHILIPPINES;SAMAR ISLAND;12.059;125.58;2;3;;-3.3;-2;;;;;;;;;;;;;;;;;;;;1;;;;
;1995;4;21;5;17;1.3;4;1;6.8;;;0;PHILIPPINES;SAMAR ISLAND;12.047;125.92;0.1;0;;-2.3;-2;;;;;;;;;;;;;;;;;;;;;;;;
;1995;5;14;11;33;21.1;4;3;6.9;;;0;INDONESIA;TIMOR SEA;-8.452;125.049;4;2;;2;1.5;11;1;;;19;1;;1;;2;;;11;1;;;19;1;;1;;2;;
;1995;5;16;20;12;44.2;4;1;7.7;;;0;NEW CALEDONIA;LOYALTY ISLANDS;-23.008;169.9;8;11;;-1.3;-2;;;;;;;;;;;;;;;;;;;;;;;;
;1995;5;27;13;3;52.6;4;1;7.1;;;0;RUSSIA;SAKHALIN ISLAND;52.629;142.827;0.1;2;;-2.3;-2;;;;;;;;;;;;;1989;4;;;750;3;300;4;;;;
;1995;6;15;0;15;48.7;4;3;6.5;;;1;GREECE;GULF OF CORINTH: AIYION;38.401;22.283;1;2;;-1;3;;;;;;;;;;;;;26;1;;;60;2;660;4;;;;
;1995;7;30;5;11;23.6;4;1;8;;;3;CHILE;NORTHERN CHILE;-23.34;-70.294;3;91;;1.6;1.5;;;;;;;0.131;1;;3;;;3;1;;;58;2;1.791;2;115;3;;
;1995;8;16;10;27;28.6;4;1;7.7;;;0;PAPUA NEW GUINEA;SOLOMON SEA;-5.799;154.178;0.28;3;;-1;-1.5;;;;;;;;;;;;;;;;;;;;1;;;;
;1995;10;9;15;35;53.9;4;1;8;;;1;MEXICO;S. MEXICO;19.055;-104.205;11;35;;2.3;2.5;1;1;;;;;;1;;1;;;50;1;;;200;3;;2;;2;;
;1995;10;18;10;37;26.3;4;1;7.1;;;0;JAPAN;RYUKYU ISLANDS;27.929;130.175;2.59;42;;0.8;1.5;;;;;;;;1;;;;;;;;;1;1;;1;;;;
;1995;10;19;2;41;36.1;4;3;6.8;;;0;JAPAN;RYUKYU ISLANDS;28.094;130.148;1.5;16;;0.6;0.5;;;;;;;;;;;;;;;;;;;;;;;;
;1995;11;1;0;35;32.7;4;1;6.7;;;0;CHILE;NORTHERN CHILE;-28.906;-71.417;0.07;1;;-3.3;-3;;;;;;;;;;;;;;;;;;;;;;;;
;1995;11;22;4;15;11.9;4;1;7.2;;;0;EGYPT;GULF OF ELAT-AQABA;28.826;34.799;4;7;;;;;;;;;;;2;;1;;;11;1;;;47;1;;2;;1;;
;1995;12;3;18;1;8.9;4;1;7.9;;;0;RUSSIA;S. KURIL ISLANDS;44.663;149.3;1.1;38;;0.1;0.5;;;;;;;;;;;;;;;;;;;;;;;;
;1996;1;1;8;5;10.8;4;1;7.9;;;0;INDONESIA;SULAWESI;0.729;119.931;3.43;16;;2.3;1.8;9;1;;;63;2;1.2;2;400;3;;;9;1;;;63;2;1.2;2;400;3;;
;1996;1;1;;;;4;8;;;;0;GREECE;W. CORINTH GULF;38.367;22.083;2;1;;;2;;;;;;;;1;;;;;;;;;;;;1;;;;
;1996;1;2;15;40;;4;6;;2921;;2;RUSSIA;KARYMSKOYE, KAMCHATKA, RUSSIA;54.05;159.43;30;1;;;;;;;;;;;1;;;;;;;;;;;;1;;;;
;1996;2;17;5;59;30.5;4;3;8.2;;;1;INDONESIA;IRIAN JAYA;-0.891;136.952;7.7;116;;2.9;1.8;110;3;;;100;2;4.2;2;;4;;;164;3;;;432;2;4.2;2;5043;4;;
;1996;2;21;12;51;1.3;4;1;7.5;;;1;PERU;N. PERU;-9.593;-79.587;5.04;59;;2.3;1.9;12;1;;;57;2;;1;15;1;22;1;12;1;;;57;2;;1;15;1;22;1
;1996;2;25;3;8;15.8;4;1;7.1;;;0;MEXICO;MEXICO;15.978;-98.07;0.1;1;;-3.3;-3;;;;;;;;;;;;;;;;;;;;;;;;
;1996;6;10;4;3;35.4;4;1;7.9;;;0;USA;ANDREANOF ISLANDS, AK;51.564;-177.632;0.51;65;;;0.5;;;;;;;;;;;;;;;;;;;;;;;;
;1996;6;10;15;24;56;4;1;7.3;;;0;USA;ANDREANOF ISLANDS, AK;51.478;-176.847;0.18;1;;-3.3;-1.5;;;;;;;;;;;;;;;;;;;;;;;;
;1996;9;4;18;16;1.9;4;1;5.7;7539;;0;JAPAN;HONSHU ISLAND;31.555;139.931;0.3;14;;-2.3;-2;;;;;;;;;;;;;;;;;;;;;;;;
;1996;9;5;8;14;14.4;4;1;6.9;;;0;CHILE;EASTER ISLAND REGION;-22.118;-113.436;0.09;2;;-3.3;-2.5;;;;;;;;;;;;;;;;;;;;;;;;
;1996;9;5;23;42;6;4;1;6.8;;;0;TAIWAN;TAIWAN REGION;21.898;121.498;0.11;3;;;;;;;;;;;;;;;;;;;;;;;;;;;
;1996;10;18;10;50;20.8;4;1;6.6;;;0;JAPAN;KYUSHU ISLAND;30.568;131.093;0.2;1;;-2.3;-2.5;;;;;;;;;;;;;;;;;;;;;;;;
;1996;10;19;14;44;40.7;4;1;6.7;;;0;JAPAN;KYUSHU ISLAND;31.885;131.468;0.55;6;;0.1;0.5;;;;;;;;;;;;;;;;;;;;1;;;;
;1996;11;12;16;59;44;4;1;7.7;;;0;PERU;S. PERU;-14.993;-75.675;0.4;4;;-1.7;-1;;;;;;;;;;;;;14;1;;;560;3;;4;;;4000;4
;1996;12;2;22;17;59.2;4;1;6.7;;;0;JAPAN;SEA OF JAPAN;31.789;131.314;0.2;4;;-2.3;-2;;;;;;;;;;;;;;;;;;;;;;;;
;1997;4;21;12;2;26.4;4;1;7.7;;;0;SOLOMON ISLANDS;SANTA CRUZ IS. VANUATU;-12.584;166.676;3;41;;-2.3;-2;;;;;;;;1;7;1;;;;;;;;;;1;7;1;;
;1997;9;30;6;27;24.7;4;1;6.2;;;0;JAPAN;S. OF HONSHU ISLAND;31.959;141.878;0.03;1;;;;;;;;;;;;;;;;;;;;;;;;;;;
;1997;10;14;9;53;18.1;4;1;7.7;;;0;TONGA;TONGA ISLANDS;-22.1;-176.77;0.1;1;;;;;;;;;;;;;;;;;;;;;;;;;;;
;1997;12;5;11;26;54.6;4;1;7.8;;;0;RUSSIA;KAMCHATKA;54.841;162.035;8;19;;0.6;0.5;;;;;;;;;;;;;;;;;;;;;;;;
;1997;12;26;8;;;4;7;;4808;;0;MONTSERRAT;WHITE RIVER VALLEY;16.72;-62.18;3;1;;;;;;;;;;;;;;;;;;;;;;;;;;;
;1998;3;19;18;30;;4;8;;;;0;NORWAY;WESTERN NORWAY;61.183;5.267;6;1;;;4;;;;;;;;2;;;;2;;;;;;;;2;;;;2
;1998;5;3;23;30;21.9;4;1;7.5;;;0;TAIWAN;TAIWAN:  SOUTHEAST OF;22.306;125.308;0.13;15;;;;;;;;;;;;;;;;;;;;;;;;;;;
;1998;5;30;18;18;15;4;1;6.2;;;0;JAPAN;SANRIKU;39.027;143.441;0.01;0;;;;;;;;;;;;;;;;;;;;;;;;;;;
;1998;7;17;8;49;16.1;4;3;7;;;20;PAPUA NEW GUINEA;PAPUA NEW GUINEA;-2.943;142.582;15.03;93;;;;1636;4;;;1000;3;;3;;3;;;1636;4;;;1000;3;;3;;3;;
;1999;1;20;;;;4;6;;4708;;1;MONTSERRAT;SOUFRIERE HILLS VOLCANO;16.722;-62.18;2;3;;;;;;;;;;;;;;;;;;;;;;;;;;;
;1999;4;20;;;;4;8;;;;0;PAPUA NEW GUINEA;KASU CONE;-5.876;143.568;15;0;;;;1;1;;;11;1;;1;2;1;;;1;1;;;11;1;;1;2;1;;
;1999;8;17;0;1;39.1;4;1;7.6;;;4;TURKEY;KOCAELI, TURKEY;40.76;29.97;2.52;26;;;;155;3;;;;;;2;;;;;17118;4;;;50000;4;20000;4;;;50000;4
;1999;9;13;;;;4;8;;;;1;FRENCH POLYNESIA;FATU HIVA;-10.52;-138.67;8;9;;;;;;;;;;;1;;;;1;;;;;;;;1;;;;1
;1999;11;26;13;21;15.5;4;1;7.5;;;0;VANUATU;VANUATU ISLANDS;-16.423;168.214;6.6;53;;;;5;1;;;;;;3;;3;;;10;1;;;100;2;;3;;3;;
;2000;4;5;4;36;59.8;4;3;5.5;;;0;GREECE;CRETE;34.22;25.69;0.5;1;;;;;;;;;;;;;;;;;;;;;;;;;;;
;2000;5;4;4;21;16.2;4;1;7.6;;;0;INDONESIA;SULAWESI;-1.105;123.573;6;2;;;;54;2;;;264;;;3;;4;;;54;2;;;264;3;30;4;23000;4;;
;2000;6;18;14;44;13.3;4;1;7.9;;;0;AUSTRALIA;SOUTH INDIAN OCEAN;-13.802;97.453;0.3;1;;;;;;;;;;;;;;;;;;;;;;;;;;;
;2000;7;1;7;1;55.5;4;1;6.1;5104;;1;JAPAN;KOZU-SHIMA ISLAND, HONSHU;34.221;139.131;0.07;4;;;;;;;;;;;;;;;;1;1;;;;3;;1;;;;
;2000;7;15;1;30;30.5;4;1;6.1;;;0;JAPAN;HONSHU: S COAST;34.319;139.26;0.07;1;;;;;;;;;;;;;;;;;;;;10;1;;1;;;20;1
;2000;7;30;12;25;45.5;4;1;6.5;;;0;JAPAN;HONSHU: S COAST;33.901;139.376;0.14;1;;;;;;;;;;;;;;;;;;;;1;1;;1;;;;
;2000;11;16;4;54;55.9;4;1;8;;;0;PAPUA NEW GUINEA;BISMARCK SEA;-4.001;152.327;3;10;;;;;;;;;;;2;;;;;2;1;;;;;;2;;3;;
;2000;11;21;18;4;50;4;8;;;;1;GREENLAND;PAATUUT, GREENLAND;70.25;-52.75;50;4;;;;;;;;;;;1;;1;;;;;;;;;;1;;1;;
;2001;6;23;20;33;14.1;4;1;8.4;;;4;PERU;S. PERU;-16.265;-73.641;8.8;152;;;;26;1;70;2;;;;4;2000;4;;;103;3;138;3;2713;4;200;4;25399;4;;
;2001;10;12;5;2;34;4;1;6.1;;;0;CANADA;QUEEN CHARLOTTE ISLANDS;52.63;-132.2;0.11;4;;;;;;;;;;;;;;;;;;;;;;;;;;;
;2001;12;18;4;2;58.2;4;1;6.8;;;0;TAIWAN;TAIWAN;23.954;122.734;0.16;6;;;;;;;;;;;;;;;;;;;;;;;;;;;
;2002;1;2;17;22;48.7;4;1;7.2;;;0;VANUATU;VANUATU ISLANDS;-17.6;167.856;3;2;;-4.64;-4.14;;;;;;;;;;;;;;;;;;2;;1;;;;2
;2002;3;5;21;16;9.1;4;1;7.5;;;0;PHILIPPINES;MINDANAO ISLAND, PHILIPPINES;6.033;124.249;3;3;;;;;;;;;;;1;;;;;15;1;;;100;2;1.714;2;;;800;3
;2002;3;31;6;52;50.4;4;1;7.1;;;0;TAIWAN;TAIWAN;24.279;122.179;0.2;11;;;;;;;;;;;;;;;;5;1;;;200;3;;2;100;2;;
;2002;4;18;5;2;46.1;4;1;6.7;;;0;MEXICO;S. MEXICO;16.985;-100.865;;2;;;;;;;;;;;;;;;;;;;;;;;1;;;;
;2002;9;8;18;44;25.5;4;1;7.6;;;0;PAPUA NEW GUINEA;BISMARCK SEA;-3.26;142.94;5.5;88;;0.58;1.08;;;;;;;;1;;1;;;4;1;;;70;2;;3;;1;873;3
;2002;9;13;22;28;29.4;4;1;6.5;;;0;INDIA;ANDAMAN ISLANDS, INDIA;13.036;93.068;;4;;;;;;;;;;;1;;;;1;2;1;;;;;;2;40;1;;1
;2002;11;4;;;;4;8;;;;0;NEW ZEALAND;ALBERT TOWN;-44.7;169.2;;1;;;;;;;;;;;;;;;;;;;;;;;;;;;
;2002;12;30;12;15;;4;7;;4703;;10;ITALY;STROMBOLI ISLAND;38.789;15.213;10.9;41;;;5;;;;;;2;;2;;;;2;;;;;;2;;2;;;;2
;2003;1;20;8;43;6;4;1;7.3;;;0;SOLOMON ISLANDS;SOLOMON ISLANDS;-10.491;160.77;2;2;;;;;;;;;;;;;;;;;;;;;;;;;;;
;2003;1;22;2;6;34.6;4;1;7.5;;;1;MEXICO;S. MEXICO;18.77;-104.104;0.61;6;;;0.5;;;;;;;;;;;;;29;1;;;1073;4;116.3;4;2005;4;6615;4
;2003;5;21;18;44;20.1;4;1;6.8;;;1;ALGERIA;N. ALGERIA;36.964;3.634;3;44;;1;1.5;;;;;;;;2;;3;;;2287;4;800;3;11000;4;5000;4;19000;4;163000;4
;2003;5;27;17;11;28.8;4;1;5.7;;;0;ALGERIA;ALGIERS;36.939;3.578;0.08;2;;;;;;;;;;;;;;;;9;1;;;200;3;;2;;3;;
;2003;7;12;;;;4;6;;4542;;3;MONTSERRAT;SOUFRIERE HILLS VOLCANO;16.722;-62.18;4;5;;;;;;;;;;;1;;;;;;;;;;;;1;;;;
;2003;8;4;4;37;20.1;4;1;7.6;;;0;ANTARCTICA;SCOTIA SEA;-60.532;-43.411;;1;;;;;;;;;;;;;;;;;;;;;;;1;;;;
;2003;8;21;12;12;49.7;4;3;7.2;;;0;NEW ZEALAND;SOUTH ISLAND;-45.104;167.144;4;3;;;;;;;;;;;1;;;;;;;;;;1;;1;;;;
;2003;9;25;19;50;6.3;4;1;8.3;;;1;JAPAN;HOKKAIDO ISLAND;41.815;143.91;4.4;268;;;;2;1;;;;;;1;;;;;2;1;;;849;3;90;4;;;;
;2003;10;31;1;6;28.2;4;1;7;;;0;JAPAN;E. HONSHU ISLAND;37.812;142.619;0.32;4;;;;;;;;;;;;;;;;;;;;;;;;;;;
;2003;11;17;6;43;6.8;4;1;7.8;;;0;USA;RAT ISLANDS, ALEUTIAN ISLANDS, AK;51.146;178.65;0.33;20;;;;;;;;;;;;;;;;;;;;;;;1;;;;
;2003;12;27;16;0;59;4;1;7.3;;;0;NEW CALEDONIA;LOYALTY ISLANDS;-22.015;169.766;0.15;2;;;;;;;;;;;;;;;;;;;;;;;;;;;
;2004;1;28;22;15;30.7;4;1;6.7;;;0;INDONESIA;SERAM ISLAND;-3.12;127.4;;1;;;;;;;;;;;;;;;;;;;;;;;;;;;
;2004;2;11;8;15;3.8;4;1;5.3;;;1;JORDAN;DEAD SEA;31.675;35.551;1;1;;;;;;;;;;;;;;;;;;;;4;1;;2;;;;2
;2004;9;5;10;7;7.8;4;1;7.2;;;0;JAPAN;SOUTH COAST HONSHU ISLAND;33.07;136.618;0.63;12;;;;;;;;;;;;;;;;;;;;4;1;;1;;;;
;2004;9;5;14;57;18.6;4;1;7.4;;;0;JAPAN;SOUTH COAST HONSHU ISLAND;33.184;137.071;0.93;24;;;;;;;;;;;;;;;;;;;;40;1;;1;;;;
;2004;11;2;10;2;12.8;4;1;6.6;;;0;CANADA;VANCOUVER ISLAND;49.277;-128.772;0.06;2;;;;;;;;;;;;;;;;;;;;;;;;;;;
;2004;11;11;21;26;41.1;4;1;7.5;;;0;INDONESIA;KEPULAUAN ALOR;-8.152;124.868;2;3;;;;;;;;;;;1;;;1;1;34;1;;;400;3;;3;781;3;16712;4
;2004;11;21;11;41;7.7;4;1;6.3;;;1;GUADELOUPE (FRENCH TERRITORY);BASSE-TERRE, LES SAINTES;15.679;-61.706;2;9;;;;;;;;;;;;;;;;1;1;;;12;1;155;4;;3;;
;2004;11;22;20;26;23.9;4;1;7.1;;;0;NEW ZEALAND;PUYSEGUR TRENCH;-46.676;164.721;;1;;;;;;;;;;;;;;;;;;;;;;;;;;;
;2004;11;28;18;32;14.1;4;1;7;;;0;JAPAN;HOKKAIDO ISLAND;43.006;145.119;0.12;2;;;;;;;;;;;;;;;;;;;;24;1;;2;;;;1
;2004;12;23;14;59;4.4;4;1;8.1;;;0;AUSTRALIA;MACQUARIE ISLAND;-49.312;161.345;0.3;5;;;;;;;;;;;;;;;;;;;;;;;;;;;
;2004;12;26;0;58;53.5;4;1;9.1;;;146;INDONESIA;OFF W. COAST OF SUMATRA;3.295;95.982;50.9;2176;;;;227899;4;;;;3;10000;4;;4;;4;227899;4;;;;3;10000;4;;4;;4
;2005;1;19;6;11;36.4;4;1;6.6;;;0;JAPAN;E. HONSHU ISLAND;34.064;141.491;0.39;11;;;;;;;;;;;;;;;;;;;;;;;;;;;
;2005;3;28;16;9;36.5;4;1;8.6;;;1;INDONESIA;INDONESIA;2.085;97.108;4.2;76;;;;16;1;;;;;;1;;;;;1319;4;;;340;3;;4;300;3;;
;2005;4;10;10;29;11.2;4;1;6.7;;;0;INDONESIA;KEPULAUAN MENTAWAI;-1.644;99.607;0.4;1;;;;;;;;;;;;;;;;;;;;;;;;;;;
;2005;6;15;2;50;53.1;4;1;7.2;;;0;USA;N. CALIFORNIA;41.301;-125.97;0.1;5;;;;;;;;;;;;;;;;;;;;;;;;;;;
;2005;8;16;2;46;28.4;4;1;7.2;;;0;JAPAN;E. COAST HONSHU ISLAND;38.276;142.039;0.05;1;;;;;;;;;;;;;;;;;;;;56;2;;1;1;1;;
;2005;10;6;11;50;;4;8;;;;0;GUATEMALA;LAGO DE ATITLAN;14.65;-91.24;4;0;;;;;;;;;;;1;;;;;;;;;;;;1;;;;
;2005;11;14;21;38;51.4;4;1;7;;;0;JAPAN;E. COAST HONSHU ISLAND;38.107;144.896;0.42;1;;;;;;;;;;;;;;;;;;;;;;;;;;;
;2005;12;9;1;57;;4;9;;;;0;CANADA;BRITISH COLUMBIA;;;0.08;14;;;;;;;;;;;;;;;;;;;;;;;;;;;
;2006;3;14;6;57;33.8;4;1;6.7;;;0;INDONESIA;SERAM ISLAND;-3.595;127.214;3.5;1;;;;4;1;;;;;;2;241;3;;;4;1;;;;;1;2;241;3;;
;2006;5;3;15;26;40.2;4;1;8;;;0;TONGA;TONGA;-20.187;-174.123;0.27;55;;;;;;;;;;;;;;;;;;;;1;1;;1;;;;
;2006;5;20;11;20;;4;6;;4623;;0;MONTSERRAT;SOUFRIERE HILLS VOLCANO;16.722;-62.18;1;4;;;;;;;;;;;1;;;;;;;;;;;;1;;;;
;2006;6;15;;;;4;9;;;;0;SPAIN;CIUTADELLA, MENORCA ISLAND;40;3.83;6;1;;;;;;;;;;33;4;;;;;;;;;;;33;4;;;;
;2006;7;17;8;19;26;4;1;7.7;;;4;INDONESIA;SOUTH OF JAVA;-9.284;107.419;20.9;211;8.1;;;802;3;;;498;3;55;4;1623;4;;;802;3;;;498;3;55;4;1623;4;;
;2006;9;28;6;22;9.7;4;1;6.9;;;0;SAMOA;SAMOA ISLANDS;-16.592;-172.033;0.08;1;;;;;;;;;;;;;;;;;;;;;;;;;;;
;2006;10;15;17;7;49.2;4;1;6.7;;;0;USA;HAWAII;19.878;-155.935;0.1;1;;;;;;;;;;;;;;;;;;;;;3;150;4;;;;
;2006;10;23;21;17;19;4;1;6.4;;;0;JAPAN;IZU ISLANDS, JAPAN;29.351;140.27;0.16;5;;;;;;;;;;;;;;;;;;;;;;;;;;;
;2006;11;13;8;2;44.4;4;1;5.2;;;0;TAIWAN;SOUTH CHINA SEA;20.656;119.997;0.15;1;;;;;;;;;;;;;;;;;;;;;;;;;;;
;2006;11;15;11;14;13.5;4;1;8.3;;;3;RUSSIA;S. KURIL ISLANDS;46.592;153.266;21.9;261;;;;;;;;1;1;;2;;;;;;;;;1;1;;2;;;;
;2006;12;26;12;26;21.4;4;1;7;;;0;TAIWAN;TAIWAN;21.799;120.547;0.12;7;;;;;;;;;;;;;;;;2;1;;;40;1;;1;;2;;
;2007;1;13;4;23;21.1;4;1;8.1;;;1;RUSSIA;S. KURIL ISLANDS;46.243;154.524;0.4;47;;;;;;;;;;;;;;;;;;;;;;;;;;;
;2007;3;25;0;40;1.6;4;1;7.1;;;0;VANUATU;VANUATU ISLANDS;-20.617;169.357;0.08;2;;;;;;;;;;;;;;;;;;;;;;;;;;;
;2007;3;25;0;41;57.8;4;1;6.7;;;0;JAPAN;HONSHU: W COAST;37.336;136.588;0.1;6;;;;;;;;;;;;;;;;1;1;;;359;3;;3;13556;4;;
;2007;4;1;20;39;56.3;4;1;8.1;;;0;SOLOMON ISLANDS;SOLOMON ISLANDS;-8.46;157.044;12.1;247;;;;50;1;;;;;;3;2500;4;;;52;2;;;;;;3;2500;4;500;3
;2007;4;21;17;53;46.3;4;3;6.2;;;0;CHILE;SOUTHERN CHILE;-45.285;-72.606;50;7;;;;8;1;;;;;;1;;;;;10;1;;;;;;1;;;2;1
;2007;7;16;1;13;22;4;1;6.6;;;0;JAPAN;HONSHU: W COAST;37.57;138.478;;1;;;;;;;;;;;;;;;;9;1;;;1088;4;;3;875;3;;
;2007;8;2;2;37;42.3;4;1;6.2;;;0;RUSSIA;TATAR STRAIT;47.116;141.798;3.2;18;;;;;;;;;;;;;;;;2;1;;;14;1;347.7;4;11;1;20;1
;2007;8;2;3;21;42.8;4;1;6.7;;;0;USA;ALEUTIAN ISLANDS, AK;51.307;-179.971;0.03;1;;;;;;;;;;;;;;;;;;;;;;;;;;;
;2007;8;15;23;40;57.8;4;1;8;;;0;PERU;S. PERU;-13.386;-76.603;10.05;141;;;;3;1;;;;;;1;;1;;;596;3;;;1292;4;600;4;93708;4;45813;4
;2007;9;2;1;5;18.1;4;1;7.2;;;0;SOLOMON ISLANDS;SANTA CRUZ ISLANDS;-11.61;165.762;0.05;2;;;;;;;;;;;;;;;;;;;;;;;;;;;
;2007;9;12;11;10;26.8;4;1;8.4;;;0;INDONESIA;SUMATRA;-4.438;101.367;5;56;;;;;;;;;;;1;;;;2;25;1;;;161;3;;3;56425;4;;
;2007;9;30;5;23;34;4;1;7.4;;;0;NEW ZEALAND;AUCKLAND ISLANDS;-49.418;163.954;0.35;8;;;;;;;;;;;;;;;;;;;;;;;;;;;
;2007;11;14;15;40;50.5;4;1;7.7;;;0;CHILE;NORTHERN CHILE;-22.247;-69.89;0.28;7;;;;;;;;;;;;;;;;2;1;;;65;2;;3;;4;;
;2007;12;4;;;;4;8;;;;0;CANADA;CHEHALIS LAKE, CHILLIWACK;49.467;-122.01;38;1;;;;;;;;;;;1;;;;;;;;;;;;1;;;;
;2007;12;9;7;28;20.8;4;1;7.8;;;0;KERMADEC ISLANDS;KERMADEC ISLANDS;-25.996;-177.514;0.03;1;;;;;;;;;;;;;;;;;;;;;;;;;;;
;2008;2;25;8;36;33;4;1;6.5;;;0;INDONESIA;SUMATRA;-2.486;99.972;0.12;1;;;;;;;;;;;;;;;;;;;;;;;1;;;;2
;2008;4;9;12;46;12.7;4;1;7.3;;;0;NEW CALEDONIA;LOYALTY ISLANDS;-20.071;168.892;0.16;1;;;;;;;;;;;;;;;;;;;;;;;;;;;
;2008;6;13;23;43;45.3;4;3;6.9;;;0;JAPAN;ARATOZAWA, JAPAN;39.03;140.881;2.5;0;;;;;;;;;;;;;;;;23;1;;;357;3;;3;;;614;3
;2008;7;19;2;39;28.7;4;1;6.9;;;0;JAPAN;OFF EAST COAST OF HONSHU ISLAND;37.552;142.214;0.2;3;;;;;;;;;;;;;;;;;;;;;;;;;;;
;2008;8;8;;;;4;6;;4924;;0;USA;KASATOCHI VOLCANO, ALEUTIAN IS, AK;52.18;-175.5;0.19;2;;;;;;;;;;;;;;;;;;;;;;;;;;;
;2008;9;11;0;20;50.9;4;1;6.8;;;0;JAPAN;HOKKAIDO ISLAND;41.892;143.754;0.09;1;;;;;;;;;;;;;;;;6;1;;;77;2;;3;;;1000;3
;2008;11;16;17;2;32.7;4;1;7.3;;;0;INDONESIA;SULAWESI;1.271;122.091;0.13;3;;;;;;;;;;;;;;;;6;1;;;77;2;;3;;;1000;3
;2009;1;3;19;43;50.6;4;1;7.6;;;0;INDONESIA;NEAR NORTH COAST;-0.414;132.885;0.39;24;;;;;;;;;;;;;;;;5;1;;;250;3;;3;;;840;3
;2009;1;15;17;49;39;4;1;7.4;;;0;RUSSIA;KAMCHATKA;46.857;155.154;0.11;11;;;;;;;;;;;;;;;;;;;;;;;;;;;
;2009;2;11;17;34;50.8;4;1;7.2;;;0;INDONESIA;CELEBES SEA;3.884;126.397;0.13;1;;;;;;;;;;;;;;;;;;;;64;2;;2;;;597;3
;2009;2;24;;;;4;9;;;;0;EAST CHINA SEA;E. CHINA SEA-S.JAPAN;;;1.45;6;;;;;;;;;;;2;;;;;;;;;;;;2;;;;
;2009;3;19;18;17;40.9;4;1;7.6;;;0;TONGA;TONGA;-23.046;-174.659;0.15;27;;;;;;;;;;;;;;;;;;;;;;;;;;;
;2009;5;28;8;24;45;4;1;7.3;;;0;HONDURAS;OFF COAST OF HONDURAS;16.72;-86.236;4;3;;;;;;;;;;;;;;;;7;1;;;40;1;100;4;135;3;1000;4
;2009;7;1;9;30;10.4;4;1;6.4;;;0;GREECE;CRETE;34.164;25.471;0.3;3;;;;;;;;;;;;;;;;;;;;;;;;;;;
;2009;7;15;9;22;29;4;1;7.8;;;1;NEW ZEALAND;OFF WEST COAST OF SOUTH ISLAND;-45.762;166.562;0.47;10;;;;;;;;;;;;;;;;;;;;;;;1;;;;
;2009;8;10;20;7;9.1;4;1;6.4;;;0;JAPAN;HONSHU: S COAST;34.743;138.264;0.6;5;;;;;;;;;;;;;;;;1;1;;;123;3;;3;5192;4;;
;2009;8;16;7;38;21.7;4;1;6.7;;;0;INDONESIA;SUMATRA;-1.479;99.49;0.18;1;;;;;;;;;;;;;;;;;;;;9;1;;;;;;
;2009;9;2;7;55;1;4;1;7;;;0;INDONESIA;JAVA SEA;-7.782;107.297;0.4;2;;;;;;;;;;;;;;;;81;2;;;1297;4;;3;;;54000;4
;2009;9;29;17;48;10.9;4;1;8.1;;;9;SAMOA;SAMOA ISLANDS;-15.489;-172.095;22.35;618;;;;192;3;;;7;1;285;4;;;;;192;3;;;7;1;285;4;;;;
;2009;9;30;10;16;9.2;4;1;7.5;;;0;INDONESIA;SUMATRA;-0.72;99.867;0.27;1;;;;;;;;;;;;;;;;1117;4;;;1214;4;2200;4;;3;181665;4
;2009;10;7;22;3;14.4;4;1;7.6;;;0;VANUATU;VANUATU ISLANDS;-13.006;166.51;0.29;37;;;;;;;;;;;;;;;;;;;;;;;;;;;
;2009;11;11;;;;4;9;;;;0;AUSTRALIA;SOUTHWEST AUSTRALIA;;;0.48;3;;;;;;;;;;;;;;;;;;;;;;;;;;;
;2010;1;3;21;48;5.3;4;1;6.6;;;0;SOLOMON ISLANDS;SOLOMON ISLANDS;-8.743;157.477;0.01;1;;;;;;;;;;;;;;;;;;;;;;;;;;;
;2010;1;3;22;36;27.9;4;1;7.1;;;0;SOLOMON ISLANDS;SOLOMON ISLANDS;-8.799;157.346;7.52;51;;;;;;;;;;;1;;1;;;;;;;;;;1;16;1;60;2
;2010;1;5;12;15;32.2;4;1;6.8;;;0;SOLOMON ISLANDS;SOLOMON ISLANDS;-9.019;157.551;0.03;1;;;;;;;;;;;;;;;;;;;;;;;;;;;
;2010;1;12;21;53;10;4;3;7;;;0;HAITI;HAITI & DOMINICAN REPUBLIC;18.457;-72.533;3.21;25;;;;7;1;;;;;;1;;1;;;316000;4;;;300000;4;8000;4;97294;4;188383;4
;2010;2;27;6;34;11.5;4;1;8.8;;;4;CHILE;CENTRAL CHILE;-36.122;-72.898;29;684;;;;156;3;;;12000;4;30000;4;;;;;558;3;;;12000;4;30000;4;;;500000;4
;2010;3;11;14;39;43.9;4;1;6.9;;;0;CHILE;CENTRAL CHILE;-34.29;-71.891;0.14;2;;;;;;;;;;;;;;;;;;;;;;;1;;;;
;2010;3;22;;;;4;9;;;;0;AUSTRALIA;SOUTHWEST AUSTRALIA;;;0.28;3;;;;;;;;;;;;;;;;;;;;;;1080;4;;;;
;2010;4;6;22;15;1.5;4;1;7.8;;;0;INDONESIA;SUMATRA;2.383;97.048;0.44;6;;;;;;;;;;;;;;;;;;;;;;;;;;;
;2010;5;29;11;46;50;4;6;;5184;;0;USA TERRITORY;SOUTH OF SARIGAN IS, N. MARIANA IS;16.708;145.97;0.04;1;;;;;;;;;;;;;;;;;;;;;;;;;;;
;2010;6;12;19;26;50.4;4;1;7.5;;;0;INDIA;LITTLE NICOBAR ISLAND;7.881;91.936;0.03;2;;;;;;;;;;;;;;;;;;;;;;;;;;;
;2010;8;10;5;23;44.9;4;1;7.2;;;0;VANUATU;VANUATU ISLANDS;-17.541;168.069;0.23;1;;;;;;;;;;;;;;;;;;;;;;;;;;;
;2010;8;13;21;19;33;4;1;6.9;;;0;USA TERRITORY;GUAM, MARIANA ISLANDS;12.484;141.476;0.07;1;;;;;;;;;;;;;;;;;;;;;;;;;;;
;2010;10;25;14;42;22;4;1;7.8;;;0;INDONESIA;SUMATRA;-3.487;100.082;16.9;358;;;;431;3;;;;;39;4;700;3;;;431;3;;;;;39;4;700;3;;
;2010;12;21;17;19;40.6;4;1;7.4;;;0;JAPAN;BONIN ISLANDS;26.901;143.698;0.13;4;;;;;;;;;;;;;;;;;;;;;;;;;;;
;2010;12;25;13;16;37;4;1;7.3;;;0;VANUATU;VANUATU ISLANDS;-19.702;167.947;4.1;12;;;;;;;;4;1;;1;;;;;;;;;4;1;;1;;;;
;2011;1;9;10;3;44.2;4;1;6.5;;;0;VANUATU;VANUATU ISLANDS;-19.157;168.311;0.03;1;;;;;;;;;;;;;;;;;;;;;;;;;;;
;2011;2;11;20;5;30.7;4;1;6.8;;;0;CHILE;CENTRAL CHILE;-36.474;-73.125;0.15;1;;;;;;;;;;;;;;;;;;;;;;;;;;;
;2011;2;17;;;;4;8;;;;0;NORWAY;SVALBARD;78.37;16.62;0.3;0;;;;;;;;;;;;;;;;;;;;;;;;;;;
;2011;3;9;2;45;20;4;1;7.3;;;0;JAPAN;HONSHU ISLAND;38.435;142.842;0.6;24;;;;;;;;;;;;;;;;;;;;;;;;;;;
;2011;3;9;21;24;1;4;1;6.3;;;0;JAPAN;OFF SANRIKU;38.296;142.808;0.06;1;;;;;;;;;;;;;;;;;;;;;;;;;;;
;2011;3;11;5;46;24.1;4;1;9.1;;;9;JAPAN;HONSHU ISLAND;38.297;142.373;39.26;6421;;;;18428;4;;;6167;4;220136.6;4;123661;4;280920;4;18428;4;;;6167;4;220136.6;4;123661;4;280920;4
;2011;4;7;14;32;43.2;4;1;7.1;;;0;JAPAN;E. COAST HONSHU ISLAND;38.276;141.588;0.08;1;;;;;;;;;;;;;;;;3;1;;;132;3;;1;;;;
;2011;5;10;8;55;9;4;1;6.8;;;0;NEW CALEDONIA;LOYALTY ISLANDS;-20.244;168.226;0.03;1;;;;;;;;;;;;;;;;;;;;;;;;;;;
;2011;6;24;3;9;39.4;4;1;7.3;;;0;USA;ATKA, ALEUTIAN ISLANDS, AK;52.05;-171.836;0.1;7;;;;;;;;;;;;;;;;;;;;;;;;;;;
;2011;7;6;19;3;18.2;4;1;7.6;;;0;NEW ZEALAND;KERMADEC ISLANDS;-29.539;-176.34;1.2;24;;;;;;;;;;;;;;;;;;;;;;;;;;;
;2011;7;10;0;57;10.8;4;1;7;;;0;JAPAN;OFF EAST COAST OF HONSHU ISLAND;38.034;143.264;0.09;3;;;;;;;;;;;;;;;;;;;;;;;;;;;
;2011;8;20;16;55;2.5;4;1;7.1;;;0;VANUATU;VANUATU ISLANDS;-18.365;168.143;0.19;4;;;;;;;;;;;;;;;;;;;;;;;;;;;
;2011;8;20;18;19;23.5;4;1;7;;;0;VANUATU;VANUATU ISLANDS;-18.311;168.218;0.15;1;;;;;;;;;;;;;;;;;;;;;;;;;;;
;2011;9;2;10;55;53.5;4;1;6.8;;;0;USA;FOX ISLANDS, ALEUTIAN ISLANDS, AK;52.171;-171.708;0.06;1;;;;;;;;;;;;;;;;;;;;;;;;;;;
;2011;10;21;17;57;16.1;4;1;7.4;;;0;NEW ZEALAND;KERMADEC ISLANDS;-28.993;-176.238;0.14;3;;;;;;;;;;;;;;;;;;;;;;;;;;;
;2012;2;2;13;34;40.6;4;1;7;;;0;VANUATU;VANUATU ISLANDS;-17.827;167.133;0.08;1;;;;;;;;;;;;;;;;;;;;;;;;;;;
;2012;2;6;3;49;12.5;4;1;6.7;;;0;PHILIPPINES;TANON STRAIT;9.999;123.206;5;32;;;;;;;;;;;;4;1;;;51;2;62;2;112;3;9;3;15000;4;;
;2012;3;9;7;9;50.9;4;1;6.7;;;0;VANUATU;OFF EAST COAST OF VANUATU;-19.125;169.613;0.05;3;;;;;;;;;;;;;;;;;;;;;;;;;;;
;2012;3;14;9;8;35.1;4;1;6.9;;;0;JAPAN;HOKKAIDO ISLAND;40.887;144.944;0.2;2;;;;;;;;;;;;;;;;;;;;;;;;;;;
;2012;3;20;18;2;47.4;4;1;7.4;;;0;MEXICO;S. MEXICO;16.493;-98.231;0.2;2;;;;;;;;;;;;;;;;2;1;;;13;1;600;4;800;3;;
;2012;4;11;8;38;36.7;4;1;8.6;;;0;INDONESIA;OFF W. COAST OF N SUMATRA;2.327;93.063;1.08;25;;;;;;;;;;;;;;;;10;1;;;12;1;;1;;;;2
;2012;4;11;10;43;10.8;4;1;8.2;;;0;INDONESIA;OFF W. COAST OF N SUMATRA;0.802;92.463;;4;;;;;;;;;;;;;;;;;;;;;;;;;;;
;2012;4;14;22;5;26.4;4;1;6.3;;;0;VANUATU;VANUATU ISLANDS;-18.972;168.741;;1;;;;;;;;;;;;;;;;;;;;;;;;;;;
;2012;6;10;;;;4;9;;;;0;AUSTRALIA;SOUTHWEST AUSTRALIA;;;0.55;3;;;;;;;;;;;;;;;;;;;;;;;;;;;
;2012;7;15;;;;4;8;;;;0;GREENLAND;ILULISSAT ICEFJORD, GREENLAND;69.2;-51.3;;0;;;;;;;;;;;;;;;;;;;;;;;;;;;
;2012;8;27;4;37;19.4;4;1;7.3;;;0;EL SALVADOR;EL SALVADOR-NICARAGUA;12.139;-88.59;6.3;40;;;;;;;;40;1;;1;;;;;;;;;40;1;;1;;;;
;2012;8;31;12;47;33.3;4;1;7.6;;;0;PHILIPPINES;PHILIPPINE ISLANDS;10.811;126.638;0.15;18;;;;;;;;;;;;;;;;1;1;;;1;1;0.3;1;;1;;
;2012;9;5;14;42;7.8;4;1;7.6;;;0;COSTA RICA;COSTA RICA;10.085;-85.315;0.16;5;;;;;;;;;;;;;;;;2;1;;;20;1;45;4;;2;;
;2012;10;28;3;4;8.8;4;1;7.7;;;0;CANADA;BRITISH COLUMBIA;52.788;-132.101;12.98;178;;;;1;1;;;;;;;;;;;1;1;;;;;;;;;;
;2012;11;7;16;35;46.9;4;1;7.3;;;0;GUATEMALA;GUATEMALA;13.988;-91.895;0.35;7;;;;;;;;;;;;;;;;48;2;;;155;3;210;4;2769;4;7561;4
;2012;12;7;8;18;23.1;4;1;7.2;;;0;JAPAN;OFF EAST COAST OF HONSHU ISLAND;37.89;143.949;1;3;;;;;;;;;;;;;;;;;;;;11;1;;;;;;
;2013;1;5;8;58;19.3;4;3;7.5;;;0;USA;SE. ALASKA, AK;55.393;-134.652;1.5;8;;;;;;;;;;;1;;;;;;;;;;;;1;;;;
;2013;2;6;1;12;25.8;4;1;7.9;;;0;SOLOMON ISLANDS;SANTA CRUZ ISLANDS;-10.766;165.114;11;124;;;;10;1;;;15;1;;3;588;3;478;3;10;1;;;15;1;36;4;588;3;478;3
;2013;2;8;15;26;38.4;4;1;7;;;0;SOLOMON ISLANDS;SANTA CRUZ ISLANDS;-10.928;166.018;0.09;1;;;;;;;;;;;;;;;;;;;;;;;;;;;
;2013;6;13;;;;4;9;;;;0;USA;NORTHWEST ATLANTIC OCEAN;;;1.8;38;;;;;;;;2;1;;;;;;;;;;;2;1;;;;;;
;2013;7;21;5;9;31.4;4;1;6.5;;;0;NEW ZEALAND;COOK STRAIT;-41.704;174.337;0.07;2;;;;;;;;;;;;;;;;;;;;5;1;50;4;;;35;1
;2013;8;16;2;31;5.8;4;1;6.5;;;0;NEW ZEALAND;WELLINGTON;-41.734;174.152;0.08;2;;;;;;;;;;;;;;;;;;;;;;;1;;;;2
;2013;9;24;;;;4;3;7.7;;;0;PAKISTAN;OFF COAST GWADAR;25.18;62.26;0.57;15;;;;;;;;;;;;;;;;825;3;;;619;3;100;4;32638;4;14118;4
;2013;10;12;13;11;53.4;4;1;6.6;;;0;GREECE;CRETE;35.514;23.252;0.01;1;;;;;;;;;;;;;;;;;;;;1;1;;1;;;;1
;2013;10;25;17;10;19.7;4;1;7.1;;;0;JAPAN;E. COAST HONSHU ISLAND;37.156;144.661;0.4;9;;;;;;;;;;;;;;;;;;;;1;1;;;;;;
;2013;11;17;9;4;55.5;4;1;7.7;;;0;ANTARCTICA;SCOTIA SEA;-60.274;-46.401;0.15;2;;;;;;;;;;;;;;;;;;;;;;;;;;;
;2014;1;29;15;31;;4;8;;;;0;NORWAY;STATLAND;64.495;11.153;8.2;3;;;;;;;;1;1;;3;;;;;;;;;1;1;;3;;;;
;2014;2;9;10;30;;4;9;;;;0;BRAZIL;CASSINO BEACH, RIO GRANDE DO SUL;;;1;2;;;;;;;;;;;1;;;;;;;;;;;;1;;;;
;2014;3;16;21;16;29.6;4;1;6.7;;;0;CHILE;NORTHERN CHILE;-19.981;-70.702;0.26;7;;;;;;;;;;;;;;;;;;;;;;;1;;;;
;2014;4;1;23;46;47.3;4;1;8.2;;;0;CHILE;NORTHERN CHILE;-19.61;-70.769;4.63;201;;;;;;;;;;;1;;;;;7;1;;;;;100;4;;;2600;4
;2014;4;3;2;43;13.1;4;1;7.7;;;0;CHILE;NORTHERN CHILE;-20.571;-70.493;0.74;5;;;;;;;;;;;;;;;;;;;;;;;;;;;
;2014;4;12;20;14;39.3;4;1;7.6;;;0;SOLOMON ISLANDS;SOLOMON ISLANDS;-11.27;162.148;0.05;8;;;;;;;;;;;;;;;;;;;;;;;;;;;
;2014;4;13;12;36;19.2;4;1;7.4;;;0;SOLOMON ISLANDS;SOLOMON ISLANDS;-11.463;162.051;0.16;9;;;;;;;;;;;;;;;;;;;;;;;;;;;
;2014;4;18;14;27;24.9;4;1;7.2;;;0;MEXICO;S. MEXICO;17.397;-100.972;0.43;3;;;;;;;;;;;;;;;;;;;;;;49.5;4;;;127;2
;2014;4;19;13;29;21;4;1;7.5;;;0;PAPUA NEW GUINEA;SOLOMON SEA;-6.755;155.024;0.11;1;;;;;;;;;;;;;;;;;;;;;;;;;;;
;2014;5;24;9;25;2.4;4;1;6.9;;;0;GREECE;NORTH AEGEAN SEA;40.289;25.389;0.16;1;;;;;;;;;;;;;;;;3;1;;;310;3;4500;4;;1;;2
;2014;6;23;19;19;15.9;4;1;6.9;;;0;NEW ZEALAND;S OF RAOUL ISLAND, KERMADEC ISLANDS;-29.977;-177.725;0.13;5;;;;;;;;;;;;;;;;;;;;;;;;;;;
;2014;6;23;20;53;9.7;4;1;7.9;;;0;USA;ALEUTIAN ISLANDS, AK;51.849;178.735;0.17;20;;;;;;;;;;;;;;;;;;;;;;;;;;;
;2014;6;23;;;;4;9;;;;0;SPAIN;MEDITERRANEAN AND BLACK SEAS;;;2.5;5;;;;;;;;15;1;;1;;;;;;;;;15;1;;1;;;;
;2014;6;27;10;37;;4;8;;;;0;UKRAINE;ODESSA;46.32;30.67;2;0;;;;;;;;;;;;;;;;;;;;;;;;;;;
;2014;7;2;14;6;;4;8;;;;0;GREENLAND;ILULISSAT ICEFJORD, GREENLAND;69.8;-50.217;10;1;;;;;;;;;;;1;;;;;;;;;;;;1;;;;
;2014;7;11;19;23;0.8;4;1;6.5;;;0;JAPAN;SANRIKU;37.005;142.453;0.2;6;;;;;;;;;;;;;;;;;;;;;1;;1;;;;
;2014;7;21;23;24;;4;8;;;;0;ICELAND;ASKJA LAKE;65.02;-16.7;60;1;;;;;;;;;;;;;;;;;;;;;;;;;;;
;2014;7;25;10;54;50.4;4;1;6;;;0;USA;PALMA BAY, AK;58.335;-136.971;0.08;1;;;;;;;;;;;;;;;;;;;;;;;;;;;
;2014;10;9;2;14;31.4;4;1;7;;;0;CHILE;EASTER ISLAND REGION;-32.108;-110.811;0.47;5;;;;;;;;;;;;;;;;;;;;;;;;;;;
;2014;10;14;3;51;34.5;4;1;7.3;;;0;EL SALVADOR;GULF OF FONSECA;12.526;-88.123;0.02;2;;;;;;;;;;;;;;;;1;1;;;;;;1;5;1;41;1
;2015;2;16;23;6;28.3;4;1;6.7;;;0;JAPAN;HONSHU;39.856;142.881;0.27;3;;;;;;;;;;;;;;;;;;;;;;;;;;;
;2015;2;19;13;18;32.8;4;1;6.4;;;0;VANUATU;VANUATU ISLANDS;-16.431;168.148;8;6;;;;;;;;;;;1;;;;;;;;;;;;1;;;;1
;2015;3;29;23;48;31;4;1;7.5;;;0;PAPUA NEW GUINEA;BISMARCK SEA;-4.729;152.562;0.5;2;;;;;;;;;;;;;;;;;;;;;;;;;;;
;2015;5;10;;;;4;8;;;;0;NORWAY;NORTHERN NORWAY;69.8;20.92;;0;;;;;;;;;;;;;;;;;;;;;;;1;;;;
;2015;6;24;;;;4;8;;;;0;CHINA;WUSHAN, CHONGQING;31.077;109.896;6.2;1;;;;2;1;;;4;1;;2;;;;;2;1;;;4;1;;2;;;;
;2015;7;10;4;12;42.5;4;1;6.7;;;0;SOLOMON ISLANDS;SOLOMON ISLANDS;-9.307;158.403;0.01;1;;;;;;;;;;;;;;;;;;;;;;;;;;;
;2015;7;18;2;27;33.8;4;1;7;;;0;SOLOMON ISLANDS;SANTA CRUZ ISLANDS;-10.401;165.141;0.09;5;;;;;;;;;;;;;;;;;;;;;;;;;;;
;2015;7;27;4;49;46.4;4;1;6.9;;;0;USA;FOX ISLANDS, ALEUTIAN ISLANDS, AK;52.376;-169.446;0.08;2;;;;;;;;;;;;;;;;;;;;;;;;;;;
;2015;9;16;22;54;32.9;4;1;8.3;;;1;CHILE;CENTRAL CHILE;-31.573;-71.674;13.6;1263;;8.4;;8;1;;;;;;1;;;;;15;1;1;1;14;1;600;4;2305;4;10044;4
;2015;10;18;5;19;;4;8;;;;1;USA;ICY BAY, AK;60.08;-141.3;193;3;;;;;;;;;;;;;;;;;;;;;;;;;;;
;2015;11;11;1;54;38.6;4;1;6.9;;;0;CHILE;CENTRAL CHILE;-29.507;-72.007;0.55;2;;;;;;;;;;;;;;;;;;;;;;;;;;;
;2015;11;13;20;51;31;4;1;6.7;;;0;JAPAN;JAPAN;31.001;128.873;0.3;1;;;;;;;;;;;;;;;;;;;;;;;;;;;
;2015;11;17;7;10;7.3;4;3;6.5;;;0;GREECE;IONIAN SEA;38.67;20.6;0.15;1;;;;;;;;;;;;;;;;2;1;;;8;1;;2;1;1;;2
;2015;11;18;18;31;4.6;4;1;6.8;;;0;SOLOMON ISLANDS;SOLOMON ISLANDS;-8.899;158.422;0.1;1;;;;;;;;;;;;;;;;;;;;;;;;;;;
;2016;1;25;4;22;2.7;4;1;6.3;;;0;MOROCCO;MOROCCO;35.649;-3.682;0.02;2;;;;;;;;;;;;;;;;1;1;;;26;1;;1;;1;;1
;2016;3;2;12;49;48.1;4;1;7.8;;;0;INDONESIA;SW. SUMATRA;-4.952;94.33;0.21;13;;;;;;;;;;;;;;;;;;;;;;;;;;;
;2016;4;16;23;58;37;4;1;7.8;;;0;ECUADOR;OFF COAST;0.382;-79.922;0.6;7;;;;;;;;;;;;;;;;663;3;9;1;6274;4;3300;4;6998;4;29672;4
;2016;8;12;1;26;36.3;4;1;7.2;;;0;NEW CALEDONIA;LOYALTY ISLANDS;-22.477;173.117;0.19;1;;;;;;;;;;;;;;;;;;;;;;;;;;;
;2016;8;20;9;1;26.2;4;1;6;;;0;JAPAN;SANRIKU;40.394;143.68;0.01;0;;;;;;;;;;;;;;;;;;;;;;;;;;;
;2016;9;1;16;37;57.3;4;1;7;;;0;NEW ZEALAND;GISBORNE;-37.359;179.146;0.21;4;;;;;;;;;;;;;;;;;;;;;;;;;;;
;2016;11;13;11;2;56.3;4;1;7.8;;;1;NEW ZEALAND;OFF EAST COAST OF SOUTH ISLAND;-42.737;173.054;6.5;17;;;;;;;;;;;1;1;1;;;2;1;;;;2;3900;4;;1;;1
;2016;11;21;20;59;49.3;4;1;6.9;;;0;JAPAN;E. COAST HONSHU ISLAND;37.393;141.387;1.44;44;;;;;;;;;;;1;;;;;;;;;;1;;1;;;;
;2016;11;24;18;43;47.7;4;1;6.9;;;0;NICARAGUA;NICARAGUA;11.91;-88.897;0.08;3;;;;;;;;;;;;;;;;;;;;;;;;;;;
;2016;12;8;17;38;46.3;4;1;7.8;;;0;SOLOMON ISLANDS;SOLOMON ISLANDS;-10.681;161.327;0.43;13;;;;;;;;;;;;;;;;1;1;;;;;;1;191;3;126;3
;2016;12;9;19;10;6.8;4;1;6.9;;;0;SOLOMON ISLANDS;SOLOMON ISLANDS;-10.749;161.132;0.05;5;;;;;;;;;;;;;;;;;;;;;;;;;;;
;2016;12;17;10;51;10.5;4;1;7.9;;;0;PAPUA NEW GUINEA;SOLOMON SEA;-4.505;153.522;0.08;5;;;;;;;;;;;;;;;;;;;;;;;;;;;
;2016;12;25;14;22;27;4;1;7.6;;;0;CHILE;SOUTHERN CHILE;-43.406;-73.941;0.44;4;;;;;;;;;;;;;;;;;;;;;;;1;;;;
;2017;1;3;21;52;30.7;4;1;6.9;;;0;FIJI;FIJI ISLANDS;-19.373;176.052;0.07;2;;;;;;;;;;;;;;;;;;;;;;;;;;;
;2017;1;22;4;30;23;4;1;7.9;;;0;PAPUA NEW GUINEA;BOUGAINVILLE ISLAND;-6.246;155.172;0.04;1;;;;;;;;;;;;;;;;3;1;;;;;;1;;3;;
;2017;3;19;4;30;;4;9;;;;0;IRAN;PERSIAN GULF;27.835;51.94;3;27;;;;5;1;;;22;1;10;3;85;2;;;5;1;;;22;1;10;3;85;2;;
;2017;4;24;21;38;30.8;4;1;6.9;;;0;CHILE;CENTRAL CHILE;-33.038;-72.062;0.16;4;;;;;;;;;;;;;;;;;;;;;;;;;;;
;2017;4;28;20;23;17.3;4;1;6.9;;;0;PHILIPPINES;SOCCSKSARGEN, PHILIPPINES;5.504;125.066;0.2;1;;;;;;;;2;1;;;;;;;;;;;7;1;;1;1;1;;1
;2017;5;1;12;31;3;4;1;6.2;;;0;USA;SKAGWAY, AK;59.821;-136.711;0.06;1;;;;;;;;;;;;;;;;;;;;;;;;;;;
;2017;6;12;12;28;39.2;4;1;6.3;;;0;GREECE;LESBOS;38.93;26.365;0.2;2;;;;;;;;;;;;;;;;1;1;;;15;1;;2;10;1;250;3
;2017;6;17;23;39;17;4;8;;;;0;GREENLAND;KARRAT FJORD, GREENLAND;71.813;-52.569;90;5;;;;4;1;;;9;1;;1;11;1;;1;4;1;;;9;1;;1;11;1;;1
;2017;7;17;23;34;13.7;4;1;7.7;;;0;RUSSIA;BERING ISLAND;54.443;168.857;0.1;1;;;;;;;;;;;;;;;;;;;;;;;;;;;
;2017;7;19;12;50;0;4;0;;;;0;COLOMBIA;OFF THE COAST NEAR SANTA MARTA;11;-74.3;8;7;;;;;;;;;;;1;1;1;;1;;;;;;;;1;1;1;;1
;2017;7;20;22;31;11.3;4;1;6.6;;;0;TURKEY;GULF OF GÃ–KOVA;36.929;27.414;1.9;40;;;;;;;;;;;1;;;;;2;1;;;500;3;;2;;1;;1
;2017;9;8;4;49;19.2;4;1;8.2;;;1;MEXICO;S. MEXICO;15.022;-93.899;2.7;68;;;;;;;;;;;1;;;;;98;2;;;251;3;4000;4;47468;4;94027;4
;2017;10;31;0;42;8.7;4;1;6.7;;;0;NEW CALEDONIA;LOYALTY ISLANDS;-21.697;169.149;0.15;4;;;;;;;;;;;;;;;;;;;;;;;;;;;
;2017;11;1;2;23;57.7;4;1;6.6;;;0;NEW CALEDONIA;LOYALTY ISLANDS;-21.648;168.859;0.1;4;;;;;;;;;;;;;;;;;;;;;;;;;;;
;2017;11;19;9;25;48.7;4;1;6.3;;;0;NEW CALEDONIA;LOYALTY ISLANDS;-21.638;168.673;0.05;1;;;;;;;;;;;;;;;;;;;;;;;;;;;
;2017;11;19;15;9;2.9;4;1;6.6;;;0;NEW CALEDONIA;LOYALTY ISLANDS;-21.503;168.598;0.08;1;;;;;;;;;;;;;;;;;;;;;;;;;;;
;2017;11;19;22;43;29.3;4;1;7;;;0;NEW CALEDONIA;LOYALTY ISLANDS;-21.325;168.672;0.37;6;;;;;;;;;;;;;;;;;;;;;;;;;;;
;2018;1;10;2;51;33.3;4;1;7.5;;;0;HONDURAS;OFF COAST OF HONDURAS;17.483;-83.52;0.4;8;;;;;;;;;;;;;;;;;;;;;;;1;;;7;1
;2018;1;14;9;18;45.5;4;1;7.1;;;0;PERU;S. PERU;-15.768;-74.709;0.15;4;;;;;;;;;;;;;;;;;;;;;;;;;;;
;2018;1;23;9;31;40.9;4;1;7.9;;;0;USA;KODIAK ISLAND, AK;56.004;-149.166;0.25;64;;;;;;;;;;;;;;;;;;;;;;;1;;;;
;2018;2;9;;;;4;6;;7104;;0;PAPUA NEW GUINEA;KADOVAR ISLAND, PAPUA NEW GUINEA;-3.608;144.588;1;1;;;;;;;;;;;;;;;;;;;;;;;;;;;
;2018;5;4;22;32;37;4;4;6.9;6864;;0;USA;HAWAII;19.318;-155;0.4;7;;;;;;;;;;;;;;;;;;;;1;1;370;4;716;3;;
;2018;5;6;6;3;59.3;4;1;5.4;7541;;0;JAPAN;S. OF HONSHU ISLAND;31.444;140.193;0.15;1;;;;;;;;;;;;;;;;;;;;;;;;;;;
;2018;5;15;;;;4;9;;;;0;USA;NORTHEAST U.S.A.;;;0.22;10;;;;;;;;;;;;;;;;;;;;;;;1;;;;
;2018;8;5;11;46;38.6;4;1;6.9;;;0;INDONESIA;BALI SEA;-8.258;116.438;2;6;;;;;;;;;;;;;;;;560;3;;;7733;4;509;4;;3;83392;4
;2018;8;19;0;19;40.7;4;1;8.2;;;0;FIJI;FIJI ISLANDS;-18.113;-178.153;;0;;;;;;;;;;;;;;;;;;;;;;;;;;;
;2018;8;29;3;51;56.1;4;1;7.1;;;0;NEW CALEDONIA;LOYALTY ISLANDS;-22.03;170.126;0.27;8;;;;;;;;;;;;;;;;;;;;;;;;;;;
;2018;9;28;10;2;45.3;4;3;7.5;;;3;INDONESIA;SULAWESI;-0.256;119.846;10.73;291;;;;4340;4;667;3;10679;4;1500;4;3673;4;39191;4;4340;4;667;3;10679;4;1500;4;3673;4;39191;4
;2018;10;1;;;;4;9;;;;0;RUSSIA;S. KURIL ISLANDS;;;0.94;6;;;;;;;;;;;;;;;;;;;;;;;;;;;
;2018;10;16;1;3;43.6;4;1;6.5;;;0;NEW CALEDONIA;LOYALTY ISLANDS;-21.743;169.522;0.05;1;;;;;;;;;;;;;;;;;;;;;;;;;;;
;2018;10;25;22;54;52.6;4;1;6.8;;;0;GREECE;IONIAN SEA;37.52;20.557;1.5;12;;;;;;;;;;;;;;;;;;;;3;1;;2;;;120;3
;2018;12;5;4;18;42;4;1;7.5;;;0;NEW CALEDONIA;LOYALTY ISLANDS;-21.95;169.427;4;35;;;;;;;;;;;1;;;;1;;;;;;;;1;;;;1
;2018;12;11;4;48;;4;8;;;;0;RUSSIA;BUREYA, FAR EASTERN RUSSIA;50.559;131.472;90;49;;;;;;;;;;;;;;;;;;;;;;;;;;;
;2018;12;22;13;55;;4;7;;7264;;2;INDONESIA;KRAKATAU;-6.102;105.423;85;410;;;;437;3;10;1;31943;4;250;4;;3;2844;4;437;3;10;1;31943;4;250;4;;3;2844;4
;2019;3;14;;;;4;8;;;;0;ANTARCTICA;DALK GLACIER;-69.417;76.45;0.58;1;;;;;;;;;;;1;;;;;;;;;;;;1;;;;
;2019;4;14;23;17;;4;9;;;;0;USA;LAKE ERIE;;;1.2;2;;;;;;;;;;;1;;;;;;;;;;;;1;;;;
;2019;6;14;0;19;12;4;1;6.4;;;0;CHILE;CENTRAL CHILE;-30.056;-72.082;0.07;1;;;;;;;;;;;;;;;;;;;;;;;;;;;
;2019;6;15;22;55;2;4;1;7.2;;;0;NEW ZEALAND;S OF RAOUL ISLAND, KERMADEC ISLANDS;-30.805;-178.095;0.14;10;;;;;;;;;;;;;;;;;;;;;;;;;;;
;2019;6;18;13;22;19;4;1;6.4;;;0;JAPAN;NIIGATA;38.646;139.472;0.11;8;;;;;;;;;;;;;;;;;;;;28;1;;2;;;144;3
;2019;7;3;14;45;42;4;6;;7364;;0;ITALY;STROMBOLI ISLAND;38.789;15.213;1.3;4;;;;;;;;;;;;;;;;1;1;;;1;1;;;;;;
;2019;10;29;;;;4;9;;;;0;BRAZIL;IMBITUBA, SANTA CATARINA;;;0.59;1;;;;;;;;;;;1;;;;;;;;;;;;1;;;;
;2019;11;14;16;17;40;4;1;7.1;;;0;INDONESIA;N. MOLUCCAS ISLANDS;1.6;126.416;0.11;8;;;;;;;;;;;;;;;;1;1;;;3;1;;1;;;36;1
;2020;1;7;8;24;26;4;1;6.4;;;0;USA TERRITORY;PUERTO RICO;17.916;-66.813;0.06;6;;;;;;;;;;;;;;;;4;1;;;;1;800;4;300;3;1390;4
;2020;1;28;19;10;25;4;1;7.7;;;0;CUBA;OFF SE COAST OF CUBA;19.44;-78.755;0.11;2;;;;;;;;;;;;;;;;;;;;;;;2;1;1;;3
;2020;3;25;2;49;21;4;1;7.5;;;0;RUSSIA;N. KURIL ISLANDS;48.986;157.693;0.25;16;;;;;;;;;;;;;;;;;;;;;;;;;;;
;2020;4;23;;;;4;9;;;;0;USA;GULF OF MEXICO;;;0.5;1;;;;;;;;;;;;;;;;;;;;;;;;;;;
;2020;5;2;12;51;6;4;1;6.6;;;0;GREECE;CRETE;34.205;25.712;0.95;15;;;;;;;;;;;;;;;;;;;;;;;;;;;
;2020;6;13;;;;4;9;;;;0;USA;GULF OF MEXICO;;;0.5;1;;;;;;;;;;;;;;;;;;;;;;;;;;;
;2020;6;18;12;49;53;4;1;7.4;;;0;NEW ZEALAND;S OF RAOUL ISLAND, KERMADEC ISLANDS;-33.294;-177.838;0.11;4;;;;;;;;;;;;;;;;;;;;;;;;;;;
;2020;6;23;15;29;5;4;1;7.4;;;0;MEXICO;OFF COAST OF OAXACA;16.029;-95.901;1.57;9;;;;;;;;;;;;;;;;10;1;;;24;1;;4;;;8123;4
;2020;7;22;6;12;44;4;1;7.8;;;0;USA;SHUMAGIN ISLANDS, AK;55.03;-158.522;0.24;13;;;;;;;;;;;;;;;;;;;;;;;1;;;;
;2020;10;19;20;54;39;4;1;7.6;;;0;USA;SHUMAGIN ISLANDS, AK;54.608;-159.655;0.76;33;;;;;;;;;;;;;;;;;;;;;;;;;;;
;2020;10;30;11;51;27;4;1;7;;;0;TURKEY;AEGEAN SEA;37.918;26.79;5.3;268;;;;1;1;;;;1;;2;;;;1;118;3;;;1054;4;400;4;;4;;4
;2020;11;14;15;0;0;4;8;;;;0;SPAIN;VALLE GRAN REY, LA GOMERA ISLAND;28.08;-17.325;0.5;1;;;;;;;;;;;;;;;;;;;;;;;;;;;
;2020;12;27;21;39;14;4;1;6.7;;;0;CHILE;CENTRAL CHILE;-39.343;-74.99;0.16;1;;;;;;;;;;;;;;;;;;;;;;;;;;;
;2021;1;23;23;36;50;4;1;6.9;;;0;ANTARCTICA;SCOTIA SEA;-61.825;-55.494;0.04;2;;;;;;;;;;;;;;;;;;;;;;;;;;;
;2021;2;10;13;19;55;4;1;7.7;;;0;NEW CALEDONIA;LOYALTY ISLANDS;-23.054;171.601;0.78;40;;;;;;;;;;;;;;;;;;;;;;;;;;;
;2021;2;13;14;7;50;4;1;7.1;;;0;JAPAN;OFF FUKUSHIMA PREFECTURE;37.745;141.749;0.1;4;;;;;;;;;;;;;;;;1;1;;;186;3;7700;4;798;3;19758;4
;2021;3;4;13;27;36;4;1;7.3;;;0;NEW ZEALAND;GISBORNE;-37.563;179.444;0.28;9;;;;;;;;;;;;;;;;;;;;;;;;;;;
;2021;3;4;17;41;25;4;1;7.4;;;0;NEW ZEALAND;S OF RAOUL ISLAND, KERMADEC ISLANDS;-29.613;-177.843;0.31;11;;;;;;;;;;;;;;;;;;;;;;;;;;;
;2021;3;4;19;28;31;4;1;8.1;;;0;NEW ZEALAND;S OF RAOUL ISLAND, KERMADEC ISLANDS;-29.74;-177.267;1;174;;;;;;;;;;;;;;;;;;;;;;;;;;;
;2021;3;18;0;4;6;4;1;6;;;0;ALGERIA;N. ALGERIA;36.915;5.199;0.05;5;;;;;;;;;;;;;;;;;;;;17;1;;1;;;;1
;2021;4;19;;;;4;6;;7528;;0;SAINT VINCENT AND THE GRENADINES;SOUFRIERE VOLCANO;13.33;-61.18;0.1;4;;;;;;;;;;;;;;;;;;;;;;;;;;;
;2021;5;19;12;51;;4;6;;7566;;0;ITALY;STROMBOLI ISLAND;38.789;15.213;0.36;2;;;;;;;;;;;;;;;;;;;;;;;;;;;
;2021;6;16;4;43;7;4;3;5.8;;;0;INDONESIA;BANDA SEA;-3.593;129.503;0.51;3;;;;;;;;;;;;;;;;;;;;;;;1;;;;1
;2021;7;29;6;15;47;4;1;8.2;;;0;USA;KODIAK ISLAND, AK;55.325;-157.841;0.42;63;;;;;;;;;;;;;;;;;;;;;;;;;;;
;2021;8;11;17;46;14;4;1;7.1;;;0;PHILIPPINES;MINDANAO ISLAND, PHILIPPINES;6.455;126.742;0.05;2;;;;;;;;;;;;;;;;1;1;;;;;;;;;;
;2021;8;12;18;35;20;4;1;8.1;;;0;UK TERRITORY;SOUTHERN ATLANTIC OCEAN;-58.416;-25.321;0.64;88;;;;;;;;;;;;;;;;;;;;;;;;;;;
;2021;8;14;12;29;8;4;1;7.2;;;0;HAITI;PORT-AU-PRINCE;18.408;-73.475;;3;;;;;;;;;;;;;;;;2248;4;329;3;12763;4;1600;4;53815;4;83770;4
;2021;9;8;1;47;47;4;1;7;;;0;MEXICO;S. MEXICO;16.982;-99.773;0.48;1;;;;;;;;;;;;;;;;3;1;;;;1;200;4;;;7317;4
;2021;12;14;3;20;24;4;1;7.3;;;0;INDONESIA;FLORES SEA;-7.603;122.2;0.07;2;;;;;;;;;;;;;;;;;;;;1;1;;2;41;;200;3
;2022;1;13;;;;4;6;;;;0;TONGA;TONGA ISLANDS;-20.536;-175.382;0.15;1;;;;;;;;;;;;;;;;;;;;;;;;;;;
;2022;1;15;4;14;45;4;6;;7551;;0;TONGA;TONGA ISLANDS;-20.536;-175.382;22;811;;;;6;1;;;20;1;118.648;4;284;3;182;3;6;1;;;20;1;135.368;4;284;3;182;3
;2022;1;16;;;;4;6;;;;0;TONGA;TONGA ISLANDS;-20.536;-175.382;0.36;1;;;;;;;;;;;;;;;;;;;;;;;;;;;
;2022;1;29;2;46;39;4;1;6.5;;;0;NEW ZEALAND;KERMADEC ISLANDS;-29.531;-176.749;0.1;1;;;;;;;;;;;;;;;;;;;;;;;;;;;
;2022;3;16;14;36;33;4;1;7.3;;;0;JAPAN;OFF FUKUSHIMA PREFECTURE;37.702;141.587;0.31;11;;;;;;;;;;;;;;;;4;1;;;247;3;8800;4;217;3;56718;4
;2022;3;30;20;56;58;4;1;6.9;;;0;NEW CALEDONIA;LOYALTY ISLANDS;-22.716;170.286;0.07;3;;;;;;;;;;;;;;;;;;;;;;;;;;;
;2022;3;31;5;44;1;4;1;7;;;0;NEW CALEDONIA;LOYALTY ISLANDS;-22.579;170.354;0.05;1;;;;;;;;;;;;;;;;;;;;;;;;;;;
;2022;5;8;3;39;;4;8;;;;0;USA;RESURRECTION BAY, AK;60.092;-149.444;0.06;1;;;;;;;;;;;;;;;;;;;;;;;;;;;
;2022;6;29;14;15;;4;8;;;;0;CHILE;TODOS LOS SANTOS LAKE;-41.142;-72.396;0.8;1;;;;;;;;;;;1;;;;;;;;;;;;1;;;;
;2022;7;27;0;43;24;4;1;7;;;0;PHILIPPINES;N. LUZON ISLAND;17.56;120.801;0.08;1;;;;;;;;;;;;;;;;11;1;;;609;3;48.48;4;856;3;35924;4
;2022;9;19;18;5;6;4;1;7.6;;;0;MEXICO;MEXICO;18.367;-103.252;0.79;14;;;;;;;;;;;;;;;;2;1;;;10;1;25;4;800;3;6084;4
;2022;10;9;7;23;;4;6;;7557;;0;ITALY;STROMBOLI ISLAND;38.789;15.213;0.04;2;;;;;;;;;;;;;;;;;;;;;;;;;;;
;2022;11;11;10;48;45;4;1;7.3;;;0;TONGA;TONGA ISLANDS;-19.318;-172.1;0.12;4;;;;;;;;;;;;;;;;;;;;;;;;;;;
;2022;11;18;13;37;8;4;1;6.9;;;0;INDONESIA;SW. SUMATRA;-4.904;100.786;0.25;4;;;;;;;;;;;;;;;;;;;;;;;;;;;
;2022;11;22;2;3;7;4;1;7;;;0;SOLOMON ISLANDS;SOLOMON ISLANDS;-9.812;159.596;0.03;1;;;;;;;;;;;;;;;;;;;;3;1;;2;;1;;
;2022;11;30;10;48;0;4;1;5.4;;;0;NEW ZEALAND;LAKE TAUPO, NORTH ISLAND;-38.808;175.906;1;4;;;;;;;;;;;1;;;;;;;;;;;;1;;;;
;2022;12;4;;;;4;6;;7558;;0;ITALY;STROMBOLI ISLAND;38.789;15.213;0.75;3;;;;;;;;;;;;;;;;;;;;;;;;;;;
;2022;12;7;;;;4;9;;;;0;ARGENTINA;MAR DEL PLATA;;;0.46;9;;;;;;;;;;;2;;;;;;;;;;;;2;;;;
;2023;1;9;17;47;35;4;1;7.6;;;0;INDONESIA;SOUTH MALUKU;-7.049;130.038;0.09;2;;;;;;;;;;;;;;;;1;1;;;11;1;;2;37;1;327;3
;2023;1;31;;;;4;6;;7562;;0;VANUATU;EAST EPI VOLCANO;-16.68;168.37;0.05;2;;;;;;;;;;;;;;;;;;;;;;;;;;;
;2023;2;6;1;17;35;4;1;7.8;;;0;TURKEY;GULF OF ISKENDERUN;37.166;37.042;0.25;17;;;;;;;;;;;1;;;;;56697;4;;;119200;4;42900;4;542461;4;1474182;4
;2023;3;16;0;56;2;4;1;7;;;0;KERMADEC ISLANDS;SE RAOUL ISLAND, KERMADEC ISLANDS;-30.115;-176.112;0.11;2;;;;;;;;;;;;;;;;;;;;;;;;;;;
;2023;4;24;0;41;55;4;1;7.1;;;0;NEW ZEALAND;S OF RAOUL ISLAND, KERMADEC ISLANDS;-29.968;-177.826;0.11;3;;;;;;;;;;;;;;;;;;;;;;;;;;;
;2023;4;24;20;0;57;4;1;7.1;;;0;INDONESIA;SW. SUMATRA;-0.799;98.524;0.11;1;;;;;;;;;;;;;;;;;;;;;;;1;;;;
;2023;5;5;5;42;4;4;1;6.2;;;0;JAPAN;NOTO PENINSULA, JAPAN;37.54;137.305;0.1;2;;;;;;;;;;;;;;;;1;1;;;34;1;;2;3;1;351;3
;2023;5;19;2;57;6;4;1;7.7;;;0;NEW CALEDONIA;LOYALTY ISLANDS;-23.229;170.694;0.61;27;;;;;;;;;;;;;;;;;;;;;;;;;;;
;2023;5;20;1;51;1;4;1;7.1;;;0;NEW CALEDONIA;LOYALTY ISLANDS;-23.062;170.456;0.14;4;;;;;;;;;;;;;;;;;;;;;;;;;;;
;2023;6;21;;;;4;9;;;;0;USA;GULF OF MEXICO;;;0.6;1;;;;;;;;;;;;;;;;;;;;;;;;;;;
;2023;7;16;6;48;22;4;1;7.2;;;0;USA;SAND POINT, AK;54.46;-160.76;0.15;3;;;;1;1;;;;;;;;;;;1;1;;;;;;;;;;
;2023;8;29;;;;4;9;;;;0;CANADA;VANCOUVER ISLAND;;;0.15;6;;;;;;;;;;;;;;;;;;;;;;;;;;;
;2023;9;16;12;35;3;4;8;;;;0;GREENLAND;DICKSON FJORD, GREENLAND;72.81;-26.95;200;5;;;;;;;;;;0.2;1;;;;;;;;;;;0.2;1;;;;
;2023;10;5;1;59;58;4;1;6.1;;;0;JAPAN;IZU ISLANDS, JAPAN;29.94;139.95;0.2;1;;;;;;;;;;;;;;;;;;;;;;;;;;;
;2023;10;6;1;31;17;4;1;6.1;;;0;JAPAN;IZU ISLANDS, JAPAN;30.141;139.968;0.08;4;;;;;;;;;;;;;;;;;;;;;;;;;;;
;2023;10;8;;;;4;0;;;;0;JAPAN;IZU ISLANDS, JAPAN;29.7;139.9;0.6;29;;;;;;;;;;;;;;;;;;;;;;;;;;;
;2023;10;11;;;;4;8;;;;0;GREENLAND;DICKSON FJORD, GREENLAND;72.81;-26.95;60;2;;;;;;;;;;;;;;;;;;;;;;;;;;;
;2023;11;22;4;47;33;4;1;6.7;;;0;VANUATU;VANUATU ISLANDS;-14.985;167.983;0.06;1;;;;;;;;;;;;;;;;;;;;;;;;;;;
;2023;12;2;14;37;3;4;1;7.6;;;0;PHILIPPINES;E. MINDANAO ISLAND;8.527;126.449;0.32;52;;;;;;;;;;;;;;;;3;1;;;79;2;22.6;3;390;3;8315;4
;2023;12;7;12;56;30;4;1;7.1;;;0;VANUATU;VANUATU ISLANDS;-20.659;169.206;0.08;3;;;;;;;;;;;;;;;;;;;;;;;;;;;
;2024;1;1;7;10;9;4;3;7.5;;;0;JAPAN;HONSHU: W COAST;37.487;137.271;11.34;528;;;;2;1;;;;;;3;;3;;3;549;3;2;1;1393;4;17600;4;29966;4;133758;4
;2024;4;2;23;58;11;4;1;7.4;;;0;TAIWAN;E. TAIWAN-RYUKYU ISLANDS;23.819;121.562;1;12;;;;;;;;;;;;;;;;20;1;;;1145;4;2500;4;111;3;297;3
;2024;6;28;5;36;37;4;1;7.2;;;0;PERU;S. PERU;-15.811;-74.445;0.2;3;;;;;;;;;;;;;;;;;;;;42;1;;2;21;1;3000;4
;2024;8;7;12;54;49;4;8;;;;0;USA;PEDERSEN LAGOON, AK;59.904;-149.825;17;3;;;;;;;;;;;1;;;;;;;;;;;;1;;;;
;2024;8;8;7;42;55;4;1;7.1;;;0;JAPAN;HYUGANADA SEA;31.719;131.527;0.5;21;;;;;;;;;;;;;;;;;;;;14;1;;1;1;1;2;1
;2024;8;17;19;10;26;4;1;7;7571;;0;RUSSIA;KAMCHATKA;52.924;160.141;0;1;;;;;;;;;;;;;;;;;;;;;;;;;;;
;2024;9;23;23;14;19;4;1;5.6;;;0;JAPAN;IZU ISLANDS, JAPAN;31.546;140.064;0.5;12;;;;;;;;;;;;;;;;;;;;;;;;;;;
;2024;12;5;18;44;21;4;1;7;;;0;USA;CAPE MENDOCINO, N. CALIFORNIA;40.374;-125.022;0.09;3;;;;;;;;;;;;;;;;;;;;;;;;;;;
;2024;12;17;1;47;26;4;1;7.3;;;0;VANUATU;VANUATU ISLANDS;-17.686;168.034;0.25;2;;;;;;;;;;;;;;;;14;1;;;265;3;100;4;;;570;3
;2025;1;13;12;19;32;4;1;6.8;;;0;JAPAN;HYUGANADA SEA;31.806;131.565;0.23;9;;;;;;;;;;;;;;;;;;;;;;;;;;;
;2025;2;8;23;23;14;4;1;7.6;;;0;HONDURAS;NORTH OF HONDURAS;17.702;-82.456;0.04;1;;;;;;;;;;;;;;;;;;;;;;;;;;;
;2025;3;25;1;43;12;4;1;6.7;;;0;NEW ZEALAND;PUYSEGUR TRENCH;-46.708;165.933;0.1;1;;;;;;;;;;;;;;;;;;;;;;;;;;;
;2025;3;30;12;18;47;4;1;7;;;0;TONGA;TONGA;-20.329;-173.907;0.05;2;;;;;;;;;;;;;;;;;;;;;;;;;;;
;2025;4;23;9;49;10;4;1;6.2;;;0;TURKEY;MARMARA SEA;40.84;28.142;0.06;5;;;;;;;;;;;;;;;;;;;;236;3;;1;;;;
;2025;4;25;11;44;55;4;1;6.3;;;0;ECUADOR;ECUADOR;1.105;-79.535;0.42;1;;;;;;;;;;;;;;;;;;;;49;1;;2;;;2715;4
;2025;5;2;12;58;26;4;1;7.4;;;0;CHILE;SOUTHERN CHILE;-56.782;-68.209;0.14;3;;;;;;;;;;;;;;;;;;;;;;;;;;;
;2025;5;22;3;19;35;4;1;6.2;;;0;GREECE;ISLAND OF CRETE;35.811;25.858;0.05;1;;;;;;;;;;;;;;;;;;;;;;;;;;;
;2025;7;16;20;37;39;4;1;7.3;;;0;USA;SAND POINT, AK;54.549;-160.472;0.1;2;;;;;;;;;;;;;;;;;;;;;;;;;;;
;2025;7;29;23;24;52;4;1;8.8;7582;;0;RUSSIA;KAMCHATKA PENINSULA, RUSSIA;52.512;160.324;19;353;;;;1;1;;;13;1;;2;;;;;1;1;;;13;1;;2;;;;
;2025;8;10;13;26;;4;8;;;;0;USA;TRACY ARM, AK;57.84;-133.06;470;4;;;;;;;;;;;1;;;;;;;;;;;;1;;;;
;2025;8;22;2;16;19;4;1;7.5;;;0;ANTARCTICA;DRAKE PASSAGE;-60.186;-61.821;0.17;5;;;;;;;;;;;;;;;;;;;;;;;;;;;
;2025;9;18;18;58;13;4;1;7.8;;;0;RUSSIA;KAMCHATKA PENINSULA, RUSSIA;53.193;160.513;0.62;33;;;;;;;;;;;;;;;;;;;;;;;;;;;